üìä TABELA,üìù KOLUMNA,üîß TYP,‚ö†Ô∏è NULL?,üîÑ DEFAULT
accountant_forms,id,uuid,NOT NULL,gen_random_uuid()
accountant_forms,accountant_id,uuid,NOT NULL,null
accountant_forms,form_type,character varying,NOT NULL,null
accountant_forms,form_name,character varying,NOT NULL,null
accountant_forms,form_fields,jsonb,NOT NULL,null
accountant_forms,is_active,boolean,NULL,true
accountant_forms,requires_approval,boolean,NULL,false
accountant_forms,created_at,timestamp without time zone,NULL,now()
accountant_forms,updated_at,timestamp without time zone,NULL,now()
accountant_reviews,id,uuid,NOT NULL,gen_random_uuid()
accountant_reviews,accountant_id,uuid,NOT NULL,null
accountant_reviews,reviewer_id,uuid,NOT NULL,null
accountant_reviews,reviewer_type,character varying,NOT NULL,null
accountant_reviews,reviewer_name,character varying,NULL,null
accountant_reviews,rating,integer,NOT NULL,null
accountant_reviews,professionalism_rating,integer,NULL,null
accountant_reviews,communication_rating,integer,NULL,null
accountant_reviews,quality_rating,integer,NULL,null
accountant_reviews,timeliness_rating,integer,NULL,null
accountant_reviews,comment,text,NULL,null
accountant_reviews,would_recommend,boolean,NULL,true
accountant_reviews,status,character varying,NULL,'approved'::character varying
accountant_reviews,created_at,timestamp without time zone,NULL,now()
accountant_reviews,worker_id,uuid,NULL,null
accountant_reviews,cleaning_company_id,uuid,NULL,null
accountant_reviews,employer_id,uuid,NULL,null
accountant_services,id,uuid,NOT NULL,gen_random_uuid()
accountant_services,accountant_id,uuid,NOT NULL,null
accountant_services,service_type,character varying,NOT NULL,null
accountant_services,name,character varying,NOT NULL,null
accountant_services,description,text,NULL,null
accountant_services,price_type,character varying,NULL,'fixed'::character varying
accountant_services,price_amount,numeric,NULL,null
accountant_services,price_currency,character varying,NULL,'EUR'::character varying
accountant_services,delivery_time,character varying,NULL,null
accountant_services,includes,ARRAY,NULL,null
accountant_services,is_active,boolean,NULL,true
accountant_services,display_order,integer,NULL,0
accountant_services,created_at,timestamp without time zone,NULL,now()
accountant_services,updated_at,timestamp without time zone,NULL,now()
accountant_team_members,id,uuid,NOT NULL,gen_random_uuid()
accountant_team_members,accountant_id,uuid,NOT NULL,null
accountant_team_members,member_name,character varying,NOT NULL,null
accountant_team_members,member_email,character varying,NOT NULL,null
accountant_team_members,member_phone,character varying,NULL,null
accountant_team_members,role,character varying,NOT NULL,'assistant'::character varying
accountant_team_members,specialization,ARRAY,NULL,null
accountant_team_members,can_handle_clients,boolean,NOT NULL,false
accountant_team_members,can_approve_forms,boolean,NOT NULL,false
accountant_team_members,avatar_url,text,NULL,null
accountant_team_members,bio,text,NULL,null
accountant_team_members,is_active,boolean,NOT NULL,true
accountant_team_members,created_at,timestamp with time zone,NOT NULL,now()
accountant_team_members,updated_at,timestamp with time zone,NOT NULL,now()
accountants,id,uuid,NOT NULL,gen_random_uuid()
accountants,profile_id,uuid,NULL,null
accountants,full_name,character varying,NOT NULL,null
accountants,company_name,character varying,NULL,null
accountants,email,character varying,NOT NULL,null
accountants,phone,character varying,NULL,null
accountants,kvk_number,character varying,NULL,null
accountants,btw_number,character varying,NULL,null
accountants,license_number,character varying,NULL,null
accountants,city,character varying,NULL,null
accountants,address,character varying,NULL,null
accountants,postal_code,character varying,NULL,null
accountants,country,character varying,NULL,'Nederland'::character varying
accountants,bio,text,NULL,null
accountants,specializations,ARRAY,NULL,null
accountants,languages,ARRAY,NULL,ARRAY['Nederlands'::text]
accountants,website,character varying,NULL,null
accountants,avatar_url,text,NULL,null
accountants,cover_image_url,text,NULL,null
accountants,portfolio_images,ARRAY,NULL,null
accountants,rating,numeric,NULL,0
accountants,rating_count,integer,NULL,0
accountants,total_clients,integer,NULL,0
accountants,years_experience,integer,NULL,0
accountants,is_verified,boolean,NULL,false
accountants,is_active,boolean,NULL,true
accountants,created_at,timestamp without time zone,NULL,now()
accountants,updated_at,timestamp without time zone,NULL,now()
accountants,subscription_tier,text,NULL,'pro'::text
accountants,subscription_status,text,NULL,'active'::text
accountants,average_rating,numeric,NULL,0
accountants,review_count,integer,NULL,0
admin_logs,id,uuid,NOT NULL,gen_random_uuid()
admin_logs,admin_id,uuid,NULL,null
admin_logs,action,text,NOT NULL,null
admin_logs,target_type,text,NULL,null
admin_logs,target_id,uuid,NULL,null
admin_logs,details,jsonb,NULL,null
admin_logs,ip_address,inet,NULL,null
admin_logs,user_agent,text,NULL,null
admin_logs,created_at,timestamp with time zone,NULL,now()
analytics_events,id,uuid,NOT NULL,gen_random_uuid()
analytics_events,user_id,uuid,NULL,null
analytics_events,event_type,text,NOT NULL,null
analytics_events,event_name,text,NOT NULL,null
analytics_events,properties,jsonb,NULL,null
analytics_events,session_id,text,NULL,null
analytics_events,ip_address,inet,NULL,null
analytics_events,user_agent,text,NULL,null
analytics_events,created_at,timestamp with time zone,NULL,now()
applications,id,uuid,NOT NULL,gen_random_uuid()
applications,job_id,uuid,NOT NULL,null
applications,worker_id,uuid,NOT NULL,null
applications,employer_id,uuid,NOT NULL,null
applications,status,text,NULL,'pending'::text
applications,cover_letter,text,NULL,null
applications,proposed_rate,numeric,NULL,null
applications,available_from,date,NULL,null
applications,created_at,timestamp with time zone,NULL,now()
applications,updated_at,timestamp with time zone,NULL,now()
applications,reviewed_at,timestamp with time zone,NULL,null
automation_rules,id,uuid,NOT NULL,gen_random_uuid()
automation_rules,project_id,uuid,NULL,null
automation_rules,name,text,NOT NULL,null
automation_rules,description,text,NULL,null
automation_rules,trigger_type,text,NOT NULL,null
automation_rules,trigger_conditions,jsonb,NOT NULL,'{}'::jsonb
automation_rules,action_type,text,NOT NULL,null
automation_rules,action_config,jsonb,NOT NULL,'{}'::jsonb
automation_rules,is_active,boolean,NULL,true
automation_rules,created_by,uuid,NULL,null
automation_rules,created_at,timestamp with time zone,NULL,now()
automation_rules,updated_at,timestamp with time zone,NULL,now()
availability,id,uuid,NOT NULL,gen_random_uuid()
availability,profile_id,uuid,NOT NULL,null
availability,monday,boolean,NOT NULL,true
availability,tuesday,boolean,NOT NULL,true
availability,wednesday,boolean,NOT NULL,true
availability,thursday,boolean,NOT NULL,true
availability,friday,boolean,NOT NULL,true
availability,saturday,boolean,NOT NULL,false
availability,sunday,boolean,NOT NULL,false
availability,preferred_start_time,time without time zone,NULL,null
availability,preferred_end_time,time without time zone,NULL,null
availability,created_at,timestamp with time zone,NOT NULL,now()
availability,updated_at,timestamp with time zone,NOT NULL,now()
building_notifications,id,uuid,NOT NULL,gen_random_uuid()
building_notifications,user_id,uuid,NOT NULL,null
building_notifications,notification_type,character varying,NOT NULL,null
building_notifications,title,character varying,NOT NULL,null
building_notifications,message,text,NOT NULL,null
building_notifications,project_id,uuid,NULL,null
building_notifications,task_id,uuid,NULL,null
building_notifications,location_id,character varying,NULL,null
building_notifications,is_read,boolean,NULL,false
building_notifications,is_urgent,boolean,NULL,false
building_notifications,is_actionable,boolean,NULL,false
building_notifications,action_type,character varying,NULL,null
building_notifications,action_data,jsonb,NULL,null
building_notifications,expires_at,timestamp with time zone,NULL,null
building_notifications,geofence_triggered,boolean,NULL,false
building_notifications,related_data,jsonb,NULL,null
building_notifications,read_at,timestamp with time zone,NULL,null
building_notifications,created_at,timestamp with time zone,NULL,now()
certificates,id,uuid,NOT NULL,gen_random_uuid()
certificates,worker_id,uuid,NOT NULL,null
certificates,certificate_type,text,NOT NULL,null
certificates,certificate_name,text,NOT NULL,null
certificates,certificate_number,text,NULL,null
certificates,issuer,text,NULL,null
certificates,issue_date,date,NULL,null
certificates,expiry_date,date,NULL,null
certificates,file_url,text,NULL,null
certificates,verified,boolean,NULL,false
certificates,verified_by,uuid,NULL,null
certificates,verified_at,timestamp with time zone,NULL,null
certificates,created_at,timestamp with time zone,NULL,now()
certificates,updated_at,timestamp with time zone,NULL,now()
cleaning_companies,id,uuid,NOT NULL,gen_random_uuid()
cleaning_companies,profile_id,uuid,NOT NULL,null
cleaning_companies,company_name,text,NOT NULL,null
cleaning_companies,owner_name,text,NOT NULL,null
cleaning_companies,phone,text,NULL,null
cleaning_companies,email,text,NULL,null
cleaning_companies,kvk_number,text,NULL,null
cleaning_companies,location_city,text,NULL,null
cleaning_companies,location_province,text,NULL,null
cleaning_companies,service_radius_km,integer,NULL,20
cleaning_companies,specialization,ARRAY,NULL,ARRAY['cleaning_after_construction'::text]
cleaning_companies,additional_services,ARRAY,NULL,ARRAY[]::text[]
cleaning_companies,availability,jsonb,NULL,"'{""friday"": false, ""monday"": false, ""sunday"": false, ""tuesday"": false, ""saturday"": false, ""thursday"": false, ""wednesday"": false}'::jsonb"
cleaning_companies,preferred_days_per_week,integer,NULL,2
cleaning_companies,hourly_rate_min,numeric,NULL,null
cleaning_companies,hourly_rate_max,numeric,NULL,null
cleaning_companies,rate_negotiable,boolean,NULL,true
cleaning_companies,years_experience,integer,NULL,0
cleaning_companies,team_size,integer,NULL,1
cleaning_companies,bio,text,NULL,null
cleaning_companies,portfolio_images,ARRAY,NULL,ARRAY[]::text[]
cleaning_companies,average_rating,numeric,NULL,0
cleaning_companies,total_reviews,integer,NULL,0
cleaning_companies,subscription_tier,text,NULL,'basic'::text
cleaning_companies,subscription_status,text,NULL,'active'::text
cleaning_companies,profile_visibility,text,NULL,'public'::text
cleaning_companies,accepting_new_clients,boolean,NULL,true
cleaning_companies,last_active,timestamp with time zone,NULL,now()
cleaning_companies,created_at,timestamp with time zone,NULL,now()
cleaning_companies,updated_at,timestamp with time zone,NULL,now()
cleaning_companies,unavailable_dates,jsonb,NULL,'[]'::jsonb
cleaning_companies,avatar_url,text,NULL,null
cleaning_companies,cover_image_url,text,NULL,null
cleaning_reviews,id,uuid,NOT NULL,gen_random_uuid()
cleaning_reviews,cleaning_company_id,uuid,NOT NULL,null
cleaning_reviews,employer_id,uuid,NULL,null
cleaning_reviews,rating,integer,NOT NULL,null
cleaning_reviews,review_text,text,NULL,null
cleaning_reviews,work_date,date,NULL,null
cleaning_reviews,work_duration_hours,numeric,NULL,null
cleaning_reviews,work_type,text,NULL,null
cleaning_reviews,response_text,text,NULL,null
cleaning_reviews,response_date,timestamp with time zone,NULL,null
cleaning_reviews,created_at,timestamp with time zone,NULL,now()
cleaning_reviews,updated_at,timestamp with time zone,NULL,now()
cleaning_reviews,worker_id,uuid,NULL,null
cleaning_reviews,accountant_id,uuid,NULL,null
cleaning_reviews,quality_rating,integer,NULL,null
cleaning_reviews,punctuality_rating,integer,NULL,null
cleaning_reviews,communication_rating,integer,NULL,null
cleaning_reviews,safety_rating,integer,NULL,null
cleaning_reviews,would_recommend,boolean,NULL,null
comment_likes,id,uuid,NOT NULL,gen_random_uuid()
comment_likes,comment_id,uuid,NOT NULL,null
comment_likes,user_id,uuid,NOT NULL,null
comment_likes,user_type,character varying,NOT NULL,null
comment_likes,created_at,timestamp with time zone,NULL,now()
comment_reactions,id,uuid,NOT NULL,gen_random_uuid()
comment_reactions,comment_id,uuid,NOT NULL,null
comment_reactions,user_id,uuid,NOT NULL,null
comment_reactions,profile_id,uuid,NOT NULL,null
comment_reactions,reaction_type,text,NOT NULL,null
comment_reactions,created_at,timestamp with time zone,NULL,now()
communication_projects,id,uuid,NOT NULL,gen_random_uuid()
communication_projects,name,character varying,NOT NULL,null
communication_projects,description,text,NULL,null
communication_projects,employer_id,uuid,NULL,null
communication_projects,employer_name,character varying,NULL,null
communication_projects,status,character varying,NULL,'active'::character varying
communication_projects,created_by,uuid,NOT NULL,null
communication_projects,created_at,timestamp with time zone,NULL,now()
communication_projects,updated_at,timestamp with time zone,NULL,now()
communication_projects,project_members,jsonb,NULL,'[]'::jsonb
communication_projects,assigned_accountants,jsonb,NULL,'[]'::jsonb
communication_projects,assigned_workers,jsonb,NULL,'[]'::jsonb
communication_projects,project_type,character varying,NULL,'construction'::character varying
communication_projects,location_address,text,NULL,null
communication_projects,location_coordinates,jsonb,NULL,null
communication_projects,start_date,date,NULL,null
communication_projects,end_date,date,NULL,null
communication_projects,budget,numeric,NULL,null
communication_projects,default_language,character varying,NULL,'nl'::character varying
communication_projects,communication_channels,jsonb,NULL,"'{""chat"": true, ""video"": false, ""voice"": false}'::jsonb"
communication_projects,max_members,integer,NULL,50
communication_projects,allow_worker_invite,boolean,NULL,false
communication_projects,require_approval,boolean,NULL,true
communication_projects,search_vector,tsvector,NULL,null
contact_attempts,id,uuid,NOT NULL,gen_random_uuid()
contact_attempts,cleaning_company_id,uuid,NOT NULL,null
contact_attempts,employer_id,uuid,NOT NULL,null
contact_attempts,contact_type,text,NOT NULL,null
contact_attempts,notes,text,NULL,null
contact_attempts,created_at,timestamp with time zone,NOT NULL,now()
earnings,id,uuid,NOT NULL,gen_random_uuid()
earnings,worker_id,uuid,NOT NULL,null
earnings,job_id,uuid,NULL,null
earnings,employer_id,uuid,NULL,null
earnings,amount,numeric,NOT NULL,null
earnings,currency,text,NULL,'EUR'::text
earnings,payment_date,date,NOT NULL,null
earnings,payment_method,text,NULL,null
earnings,invoice_number,text,NULL,null
earnings,status,text,NULL,'pending'::text
earnings,description,text,NULL,null
earnings,created_at,timestamp with time zone,NULL,now()
employer_reviews,id,uuid,NOT NULL,gen_random_uuid()
employer_reviews,employer_id,uuid,NOT NULL,null
employer_reviews,worker_id,uuid,NULL,null
employer_reviews,cleaning_company_id,uuid,NULL,null
employer_reviews,accountant_id,uuid,NULL,null
employer_reviews,reviewer_id,uuid,NOT NULL,null
employer_reviews,reviewee_id,uuid,NOT NULL,null
employer_reviews,rating,integer,NOT NULL,null
employer_reviews,comment,text,NULL,null
employer_reviews,communication_rating,integer,NULL,null
employer_reviews,professionalism_rating,integer,NULL,null
employer_reviews,payment_rating,integer,NULL,null
employer_reviews,would_recommend,boolean,NULL,null
employer_reviews,status,text,NULL,'approved'::text
employer_reviews,verified_by_platform,boolean,NULL,false
employer_reviews,approved_at,timestamp with time zone,NULL,null
employer_reviews,reviewed_by_admin,uuid,NULL,null
employer_reviews,created_at,timestamp with time zone,NULL,now()
employer_reviews,updated_at,timestamp with time zone,NULL,now()
employer_saved_workers,id,uuid,NOT NULL,gen_random_uuid()
employer_saved_workers,employer_id,uuid,NOT NULL,null
employer_saved_workers,worker_id,uuid,NOT NULL,null
employer_saved_workers,notes,text,NULL,null
employer_saved_workers,tags,ARRAY,NULL,null
employer_saved_workers,folder,text,NULL,null
employer_saved_workers,saved_at,timestamp with time zone,NULL,now()
employer_saved_workers,last_viewed_at,timestamp with time zone,NULL,null
employer_search_history,id,uuid,NOT NULL,gen_random_uuid()
employer_search_history,employer_id,uuid,NOT NULL,null
employer_search_history,search_date,timestamp with time zone,NULL,now()
employer_search_history,category,text,NULL,null
employer_search_history,subcategory,text,NULL,null
employer_search_history,level,text,NULL,null
employer_search_history,location_city,text,NULL,null
employer_search_history,radius_km,integer,NULL,null
employer_search_history,min_rate,numeric,NULL,null
employer_search_history,max_rate,numeric,NULL,null
employer_search_history,skills,ARRAY,NULL,null
employer_search_history,results_count,integer,NULL,null
employer_search_history,filters,jsonb,NULL,null
employer_stats,id,uuid,NOT NULL,gen_random_uuid()
employer_stats,employer_id,uuid,NOT NULL,null
employer_stats,total_searches,integer,NULL,0
employer_stats,searches_this_month,integer,NULL,0
employer_stats,searches_this_week,integer,NULL,0
employer_stats,last_search_at,timestamp with time zone,NULL,null
employer_stats,total_saved_workers,integer,NULL,0
employer_stats,total_contacts,integer,NULL,0
employer_stats,contacts_this_month,integer,NULL,0
employer_stats,contacts_this_week,integer,NULL,0
employer_stats,last_contact_at,timestamp with time zone,NULL,null
employer_stats,total_jobs_posted,integer,NULL,0
employer_stats,active_jobs,integer,NULL,0
employer_stats,filled_jobs,integer,NULL,0
employer_stats,total_applications_received,integer,NULL,0
employer_stats,pending_applications,integer,NULL,0
employer_stats,created_at,timestamp with time zone,NULL,now()
employer_stats,updated_at,timestamp with time zone,NULL,now()
employer_stats,total_hires,integer,NOT NULL,0
employers,id,uuid,NOT NULL,gen_random_uuid()
employers,profile_id,uuid,NOT NULL,null
employers,company_name,text,NULL,null
employers,kvk_number,text,NULL,null
employers,created_at,timestamp with time zone,NULL,now()
employers,subscription_tier,text,NULL,'basic'::text
employers,subscription_status,text,NULL,'inactive'::text
employers,subscription_started_at,timestamp with time zone,NULL,null
employers,subscription_expires_at,timestamp with time zone,NULL,null
employers,logo_url,text,NULL,null
employers,website,text,NULL,null
employers,description,text,NULL,null
employers,industry,text,NULL,null
employers,company_size,text,NULL,null
employers,address,text,NULL,null
employers,city,text,NULL,null
employers,postal_code,text,NULL,null
employers,country,text,NULL,'NL'::text
employers,contact_person,text,NULL,null
employers,contact_phone,text,NULL,null
employers,contact_email,text,NULL,null
employers,verified,boolean,NULL,false
employers,verified_at,timestamp with time zone,NULL,null
employers,total_jobs_posted,integer,NULL,0
employers,total_hires,integer,NULL,0
employers,avg_rating,numeric,NULL,0
employers,updated_at,timestamp with time zone,NULL,now()
employers,subscription_start_date,timestamp with time zone,NULL,null
employers,phone,text,NULL,null
employers,email,text,NULL,null
employers,location_city,text,NULL,null
employers,rating,numeric,NULL,0
employers,rating_count,integer,NULL,0
employers,profile_completed,boolean,NULL,false
employers,user_id,uuid,NULL,null
employers,company_type,text,NULL,null
employers,btw_number,text,NULL,null
employers,rsin_number,text,NULL,null
employers,google_place_id,text,NULL,null
employers,google_rating,numeric,NULL,null
employers,google_review_count,integer,NULL,0
employers,google_maps_url,text,NULL,null
employers,latitude,numeric,NULL,null
employers,longitude,numeric,NULL,null
employers,cover_image_url,text,NULL,null
employers,average_rating,numeric,NULL,0
employers,review_count,integer,NULL,0
event_notifications,id,uuid,NOT NULL,gen_random_uuid()
event_notifications,event_id,uuid,NOT NULL,null
event_notifications,participant_id,uuid,NULL,null
event_notifications,user_id,uuid,NOT NULL,null
event_notifications,notification_type,character varying,NOT NULL,null
event_notifications,scheduled_at,timestamp with time zone,NOT NULL,null
event_notifications,sent_at,timestamp with time zone,NULL,null
event_notifications,subject,character varying,NULL,null
event_notifications,message,text,NULL,null
event_notifications,email_sent,boolean,NULL,false
event_notifications,push_sent,boolean,NULL,false
event_notifications,sms_sent,boolean,NULL,false
event_notifications,in_app_read,boolean,NULL,false
event_notifications,status,character varying,NULL,'scheduled'::character varying
event_notifications,error_message,text,NULL,null
event_notifications,created_at,timestamp with time zone,NULL,now()
event_notifications,updated_at,timestamp with time zone,NULL,now()
event_participants,id,uuid,NOT NULL,gen_random_uuid()
event_participants,event_id,uuid,NOT NULL,null
event_participants,user_id,uuid,NOT NULL,null
event_participants,attendance_status,USER-DEFINED,NULL,'invited'::attendance_status
event_participants,role,character varying,NULL,'participant'::character varying
event_participants,response_date,timestamp with time zone,NULL,null
event_participants,response_note,text,NULL,null
event_participants,joined_at,timestamp with time zone,NULL,null
event_participants,left_at,timestamp with time zone,NULL,null
event_participants,notification_preferences,jsonb,NULL,"'{""sms"": false, ""email"": true, ""in_app"": true}'::jsonb"
event_participants,created_at,timestamp with time zone,NULL,now()
event_participants,updated_at,timestamp with time zone,NULL,now()
form_submissions,id,uuid,NOT NULL,gen_random_uuid()
form_submissions,form_id,uuid,NOT NULL,null
form_submissions,accountant_id,uuid,NOT NULL,null
form_submissions,submitter_id,uuid,NOT NULL,null
form_submissions,submitter_type,character varying,NOT NULL,null
form_submissions,submitter_name,character varying,NULL,null
form_submissions,submitter_email,character varying,NULL,null
form_submissions,submitter_phone,character varying,NULL,null
form_submissions,form_data,jsonb,NOT NULL,null
form_submissions,attachments,ARRAY,NULL,null
form_submissions,status,character varying,NULL,'pending'::character varying
form_submissions,accountant_response,text,NULL,null
form_submissions,accountant_files,ARRAY,NULL,null
form_submissions,submitted_at,timestamp without time zone,NULL,now()
form_submissions,updated_at,timestamp without time zone,NULL,now()
form_submissions,completed_at,timestamp without time zone,NULL,null
generated_certificates,id,uuid,NOT NULL,gen_random_uuid()
generated_certificates,certificate_id,character varying,NOT NULL,null
generated_certificates,worker_id,uuid,NULL,null
generated_certificates,worker_full_name,character varying,NOT NULL,null
generated_certificates,worker_btw_sofi,character varying,NULL,null
generated_certificates,worker_kvk,character varying,NULL,null
generated_certificates,worker_specialization,character varying,NULL,null
generated_certificates,verification_reason,text,NOT NULL,null
generated_certificates,issue_date,date,NOT NULL,CURRENT_DATE
generated_certificates,valid_until,date,NULL,null
generated_certificates,pdf_url,text,NULL,null
generated_certificates,pdf_storage_path,text,NULL,null
generated_certificates,issued_by_admin_id,uuid,NULL,null
generated_certificates,issued_by_admin_name,character varying,NULL,null
generated_certificates,status,character varying,NULL,'active'::character varying
generated_certificates,revoked_at,timestamp with time zone,NULL,null
generated_certificates,revoked_reason,text,NULL,null
generated_certificates,qr_code_scans,integer,NULL,0
generated_certificates,last_verified_at,timestamp with time zone,NULL,null
generated_certificates,created_at,timestamp with time zone,NULL,now()
generated_certificates,updated_at,timestamp with time zone,NULL,now()
invoice_btw_declarations,id,uuid,NOT NULL,gen_random_uuid()
invoice_btw_declarations,user_id,uuid,NOT NULL,null
invoice_btw_declarations,year,integer,NOT NULL,null
invoice_btw_declarations,quarter,text,NOT NULL,null
invoice_btw_declarations,status,text,NULL,'draft'::text
invoice_btw_declarations,revenue_21,numeric,NULL,0.00
invoice_btw_declarations,revenue_9,numeric,NULL,0.00
invoice_btw_declarations,revenue_0,numeric,NULL,0.00
invoice_btw_declarations,revenue_eu,numeric,NULL,0.00
invoice_btw_declarations,revenue_export,numeric,NULL,0.00
invoice_btw_declarations,input_vat,numeric,NULL,0.00
invoice_btw_declarations,output_vat_21,numeric,NULL,0.00
invoice_btw_declarations,output_vat_9,numeric,NULL,0.00
invoice_btw_declarations,total_output_vat,numeric,NULL,0.00
invoice_btw_declarations,balance,numeric,NULL,0.00
invoice_btw_declarations,submitted_at,timestamp with time zone,NULL,null
invoice_btw_declarations,paid_at,timestamp with time zone,NULL,null
invoice_btw_declarations,notes,text,NULL,null
invoice_btw_declarations,created_at,timestamp with time zone,NULL,now()
invoice_btw_declarations,updated_at,timestamp with time zone,NULL,now()
invoice_clients,id,uuid,NOT NULL,gen_random_uuid()
invoice_clients,user_id,uuid,NOT NULL,null
invoice_clients,type,text,NOT NULL,null
invoice_clients,name,text,NOT NULL,null
invoice_clients,contact_person,text,NULL,null
invoice_clients,email,text,NULL,null
invoice_clients,phone,text,NULL,null
invoice_clients,address,text,NULL,null
invoice_clients,postal_code,text,NULL,null
invoice_clients,city,text,NULL,null
invoice_clients,country,text,NULL,'NL'::text
invoice_clients,kvk_number,text,NULL,null
invoice_clients,vat_number,text,NULL,null
invoice_clients,nip_number,text,NULL,null
invoice_clients,tax_id,text,NULL,null
invoice_clients,payment_term_days,integer,NULL,14
invoice_clients,notes,text,NULL,null
invoice_clients,is_active,boolean,NULL,true
invoice_clients,created_at,timestamp with time zone,NULL,now()
invoice_clients,updated_at,timestamp with time zone,NULL,now()
invoice_companies,id,uuid,NOT NULL,gen_random_uuid()
invoice_companies,user_id,uuid,NOT NULL,null
invoice_companies,name,text,NOT NULL,null
invoice_companies,address,text,NULL,null
invoice_companies,postal_code,text,NULL,null
invoice_companies,city,text,NULL,null
invoice_companies,country,text,NULL,'NL'::text
invoice_companies,kvk_number,text,NULL,null
invoice_companies,vat_number,text,NULL,null
invoice_companies,eori_number,text,NULL,null
invoice_companies,email,text,NULL,null
invoice_companies,phone,text,NULL,null
invoice_companies,mobile,text,NULL,null
invoice_companies,whatsapp,text,NULL,null
invoice_companies,website,text,NULL,null
invoice_companies,iban,text,NULL,null
invoice_companies,bic,text,NULL,null
invoice_companies,bank_name,text,NULL,null
invoice_companies,default_payment_term_days,integer,NULL,14
invoice_companies,default_vat_rate,numeric,NULL,21.00
invoice_companies,currency,text,NULL,'EUR'::text
invoice_companies,logo_url,text,NULL,null
invoice_companies,logo_base64,text,NULL,null
invoice_companies,created_at,timestamp with time zone,NULL,now()
invoice_companies,updated_at,timestamp with time zone,NULL,now()
invoice_expenses,id,uuid,NOT NULL,gen_random_uuid()
invoice_expenses,user_id,uuid,NOT NULL,null
invoice_expenses,date,date,NOT NULL,null
invoice_expenses,description,text,NOT NULL,null
invoice_expenses,category,text,NOT NULL,null
invoice_expenses,supplier,text,NULL,null
invoice_expenses,amount,numeric,NOT NULL,0.00
invoice_expenses,vat_amount,numeric,NULL,0.00
invoice_expenses,vat_rate,numeric,NULL,21.00
invoice_expenses,is_deductible,boolean,NULL,true
invoice_expenses,deductible_percentage,numeric,NULL,100.00
invoice_expenses,receipt_url,text,NULL,null
invoice_expenses,receipt_base64,text,NULL,null
invoice_expenses,client_id,uuid,NULL,null
invoice_expenses,invoice_id,uuid,NULL,null
invoice_expenses,payment_method,text,NULL,null
invoice_expenses,is_paid,boolean,NULL,true
invoice_expenses,notes,text,NULL,null
invoice_expenses,created_at,timestamp with time zone,NULL,now()
invoice_expenses,updated_at,timestamp with time zone,NULL,now()
invoice_invoice_lines,id,uuid,NOT NULL,gen_random_uuid()
invoice_invoice_lines,invoice_id,uuid,NOT NULL,null
invoice_invoice_lines,line_number,integer,NOT NULL,null
invoice_invoice_lines,product_id,uuid,NULL,null
invoice_invoice_lines,description,text,NOT NULL,null
invoice_invoice_lines,quantity,numeric,NOT NULL,1.00
invoice_invoice_lines,unit,text,NULL,'uur'::text
invoice_invoice_lines,unit_price,numeric,NOT NULL,0.00
invoice_invoice_lines,vat_rate,numeric,NOT NULL,21.00
invoice_invoice_lines,line_net,numeric,NOT NULL,0.00
invoice_invoice_lines,line_vat,numeric,NOT NULL,0.00
invoice_invoice_lines,line_gross,numeric,NOT NULL,0.00
invoice_invoice_lines,created_at,timestamp with time zone,NULL,now()
invoice_invoices,id,uuid,NOT NULL,gen_random_uuid()
invoice_invoices,user_id,uuid,NOT NULL,null
invoice_invoices,invoice_number,text,NOT NULL,null
invoice_invoices,invoice_date,date,NOT NULL,null
invoice_invoices,due_date,date,NOT NULL,null
invoice_invoices,client_id,uuid,NULL,null
invoice_invoices,client_snapshot,jsonb,NULL,null
invoice_invoices,language,text,NULL,'nl'::text
invoice_invoices,status,text,NULL,'unpaid'::text
invoice_invoices,total_net,numeric,NOT NULL,0.00
invoice_invoices,total_vat,numeric,NOT NULL,0.00
invoice_invoices,total_gross,numeric,NOT NULL,0.00
invoice_invoices,paid_amount,numeric,NULL,0.00
invoice_invoices,payment_date,date,NULL,null
invoice_invoices,payment_reference,text,NULL,null
invoice_invoices,payment_qr_payload,text,NULL,null
invoice_invoices,is_reverse_charge,boolean,NULL,false
invoice_invoices,notes,text,NULL,null
invoice_invoices,footer_text,text,NULL,null
invoice_invoices,template_name,text,NULL,'modern'::text
invoice_invoices,created_at,timestamp with time zone,NULL,now()
invoice_invoices,updated_at,timestamp with time zone,NULL,now()
invoice_kilometer_entries,id,uuid,NOT NULL,gen_random_uuid()
invoice_kilometer_entries,user_id,uuid,NOT NULL,null
invoice_kilometer_entries,date,date,NOT NULL,null
invoice_kilometer_entries,start_location,text,NOT NULL,null
invoice_kilometer_entries,end_location,text,NOT NULL,null
invoice_kilometer_entries,purpose,text,NOT NULL,null
invoice_kilometer_entries,kilometers,numeric,NOT NULL,null
invoice_kilometer_entries,vehicle_type,text,NOT NULL,null
invoice_kilometer_entries,is_private_vehicle,boolean,NULL,true
invoice_kilometer_entries,rate,numeric,NOT NULL,null
invoice_kilometer_entries,amount,numeric,NOT NULL,null
invoice_kilometer_entries,client_id,uuid,NULL,null
invoice_kilometer_entries,project_id,text,NULL,null
invoice_kilometer_entries,notes,text,NULL,null
invoice_kilometer_entries,created_at,timestamp with time zone,NULL,now()
invoice_kilometer_entries,updated_at,timestamp with time zone,NULL,now()
invoice_products,id,uuid,NOT NULL,gen_random_uuid()
invoice_products,user_id,uuid,NOT NULL,null
invoice_products,code,text,NULL,null
invoice_products,name,text,NOT NULL,null
invoice_products,description,text,NULL,null
invoice_products,unit_price,numeric,NOT NULL,0.00
invoice_products,vat_rate,numeric,NOT NULL,21.00
invoice_products,unit,text,NULL,'uur'::text
invoice_products,is_active,boolean,NULL,true
invoice_products,created_at,timestamp with time zone,NULL,now()
invoice_products,updated_at,timestamp with time zone,NULL,now()
job_applications,id,uuid,NOT NULL,uuid_generate_v4()
job_applications,job_id,uuid,NULL,null
job_applications,worker_id,uuid,NULL,null
job_applications,status,character varying,NULL,'pending'::character varying
job_applications,cover_letter,text,NULL,null
job_applications,applied_at,timestamp with time zone,NULL,now()
job_applications,updated_at,timestamp with time zone,NULL,now()
jobs,id,uuid,NOT NULL,gen_random_uuid()
jobs,employer_id,uuid,NOT NULL,null
jobs,title,character varying,NOT NULL,null
jobs,description,text,NOT NULL,null
jobs,short_description,text,NULL,null
jobs,category,character varying,NULL,null
jobs,subcategory,character varying,NULL,null
jobs,location,character varying,NULL,null
jobs,location_type,character varying,NULL,null
jobs,address,text,NULL,null
jobs,postal_code,character varying,NULL,null
jobs,city,character varying,NULL,null
jobs,country,character varying,NULL,'NL'::character varying
jobs,latitude,numeric,NULL,null
jobs,longitude,numeric,NULL,null
jobs,salary_min,numeric,NULL,null
jobs,salary_max,numeric,NULL,null
jobs,salary_currency,character varying,NULL,'EUR'::character varying
jobs,salary_period,character varying,NULL,null
jobs,salary_visible,boolean,NULL,true
jobs,employment_type,character varying,NULL,null
jobs,experience_level,character varying,NULL,null
jobs,education_level,character varying,NULL,null
jobs,contract_duration_months,integer,NULL,null
jobs,hours_per_week,integer,NULL,null
jobs,start_date,date,NULL,null
jobs,required_skills,ARRAY,NULL,null
jobs,required_certificates,ARRAY,NULL,null
jobs,preferred_skills,ARRAY,NULL,null
jobs,languages,ARRAY,NULL,null
jobs,benefits,ARRAY,NULL,null
jobs,status,character varying,NULL,'draft'::character varying
jobs,published_at,timestamp with time zone,NULL,null
jobs,expires_at,timestamp with time zone,NULL,null
jobs,filled_at,timestamp with time zone,NULL,null
jobs,views_count,integer,NULL,0
jobs,applications_count,integer,NULL,0
jobs,urgent,boolean,NULL,false
jobs,featured,boolean,NULL,false
jobs,allow_messages,boolean,NULL,true
jobs,application_url,text,NULL,null
jobs,company_logo_url,text,NULL,null
jobs,tags,ARRAY,NULL,null
jobs,metadata,jsonb,NULL,null
jobs,created_at,timestamp with time zone,NULL,now()
jobs,updated_at,timestamp with time zone,NULL,now()
jobs,worker_id,uuid,NULL,null
jobs,end_date,timestamp with time zone,NULL,null
jobs,hourly_rate,numeric,NULL,null
messages,id,uuid,NOT NULL,gen_random_uuid()
messages,sender_id,uuid,NOT NULL,null
messages,recipient_id,uuid,NOT NULL,null
messages,subject,text,NULL,null
messages,content,text,NOT NULL,null
messages,read_at,timestamp with time zone,NULL,null
messages,job_id,uuid,NULL,null
messages,attachments,ARRAY,NULL,null
messages,created_at,timestamp with time zone,NULL,now()
messages,is_read,boolean,NULL,false
messages,message_type,text,NULL,'direct'::text
messages,project_id,uuid,NULL,null
messages,task_id,uuid,NULL,null
messages,location_data,jsonb,NULL,null
messages,priority,character varying,NULL,'normal'::character varying
notifications,id,uuid,NOT NULL,gen_random_uuid()
notifications,user_id,uuid,NOT NULL,null
notifications,type,text,NOT NULL,null
notifications,title,text,NOT NULL,null
notifications,message,text,NOT NULL,null
notifications,link,text,NULL,null
notifications,data,jsonb,NULL,null
notifications,is_read,boolean,NULL,false
notifications,read_at,timestamp with time zone,NULL,null
notifications,priority,text,NULL,'normal'::text
notifications,sent_email,boolean,NULL,false
notifications,sent_sms,boolean,NULL,false
notifications,sent_push,boolean,NULL,false
notifications,created_at,timestamp with time zone,NULL,now()
notifications,expires_at,timestamp with time zone,NULL,null
notifications,related_id,uuid,NULL,null
payments,id,uuid,NOT NULL,gen_random_uuid()
payments,user_id,uuid,NOT NULL,null
payments,profile_id,uuid,NULL,null
payments,payment_type,text,NOT NULL,null
payments,amount,numeric,NOT NULL,null
payments,currency,text,NOT NULL,'EUR'::text
payments,status,text,NOT NULL,'pending'::text
payments,payment_method,text,NULL,null
payments,stripe_payment_intent_id,text,NULL,null
payments,stripe_customer_id,text,NULL,null
payments,stripe_subscription_id,text,NULL,null
payments,stripe_invoice_id,text,NULL,null
payments,stripe_charge_id,text,NULL,null
payments,related_job_id,uuid,NULL,null
payments,related_invoice_id,uuid,NULL,null
payments,related_subscription_id,uuid,NULL,null
payments,related_earning_id,uuid,NULL,null
payments,description,text,NULL,null
payments,metadata,jsonb,NULL,'{}'::jsonb
payments,notes,text,NULL,null
payments,refund_amount,numeric,NULL,0
payments,refund_reason,text,NULL,null
payments,refunded_at,timestamp with time zone,NULL,null
payments,refunded_by,uuid,NULL,null
payments,invoice_generated,boolean,NULL,false
payments,invoice_number,text,NULL,null
payments,invoice_url,text,NULL,null
payments,payment_date,timestamp with time zone,NULL,null
payments,completed_at,timestamp with time zone,NULL,null
payments,failed_at,timestamp with time zone,NULL,null
payments,failure_reason,text,NULL,null
payments,created_at,timestamp with time zone,NOT NULL,now()
payments,updated_at,timestamp with time zone,NOT NULL,now()
post_comments,id,uuid,NOT NULL,gen_random_uuid()
post_comments,post_id,uuid,NOT NULL,null
post_comments,parent_comment_id,uuid,NULL,null
post_comments,user_id,uuid,NOT NULL,null
post_comments,user_type,character varying,NOT NULL,null
post_comments,content,text,NOT NULL,null
post_comments,likes_count,integer,NULL,0
post_comments,created_at,timestamp with time zone,NULL,now()
post_comments,updated_at,timestamp with time zone,NULL,now()
post_likes,id,uuid,NOT NULL,gen_random_uuid()
post_likes,post_id,uuid,NOT NULL,null
post_likes,user_id,uuid,NOT NULL,null
post_likes,user_type,character varying,NOT NULL,null
post_likes,created_at,timestamp with time zone,NULL,now()
post_likes,profile_id,uuid,NOT NULL,null
post_likes,reaction_type,text,NULL,'like'::text
post_saves,id,uuid,NOT NULL,gen_random_uuid()
post_saves,post_id,uuid,NOT NULL,null
post_saves,user_id,uuid,NOT NULL,null
post_saves,profile_id,uuid,NOT NULL,null
post_saves,folder,text,NOT NULL,'polubiane'::text
post_saves,notes,text,NULL,null
post_saves,created_at,timestamp with time zone,NULL,now()
post_saves,updated_at,timestamp with time zone,NULL,now()
post_shares,id,uuid,NOT NULL,gen_random_uuid()
post_shares,post_id,uuid,NOT NULL,null
post_shares,user_id,uuid,NOT NULL,null
post_shares,user_type,character varying,NOT NULL,null
post_shares,share_type,character varying,NULL,'profile'::character varying
post_shares,created_at,timestamp with time zone,NULL,now()
post_views,id,uuid,NOT NULL,gen_random_uuid()
post_views,post_id,uuid,NOT NULL,null
post_views,user_id,uuid,NULL,null
post_views,user_type,character varying,NULL,null
post_views,ip_address,character varying,NULL,null
post_views,user_agent,text,NULL,null
post_views,created_at,timestamp with time zone,NULL,now()
posts,id,uuid,NOT NULL,gen_random_uuid()
posts,author_id,uuid,NOT NULL,null
posts,author_type,character varying,NOT NULL,null
posts,type,character varying,NOT NULL,null
posts,title,character varying,NULL,null
posts,content,text,NOT NULL,null
posts,media_urls,ARRAY,NULL,null
posts,media_types,ARRAY,NULL,null
posts,job_category,character varying,NULL,null
posts,job_location,character varying,NULL,null
posts,job_salary_min,numeric,NULL,null
posts,job_salary_max,numeric,NULL,null
posts,job_requirements,ARRAY,NULL,null
posts,job_deadline,timestamp with time zone,NULL,null
posts,likes_count,integer,NULL,0
posts,comments_count,integer,NULL,0
posts,shares_count,integer,NULL,0
posts,views_count,integer,NULL,0
posts,is_active,boolean,NULL,true
posts,is_pinned,boolean,NULL,false
posts,created_at,timestamp with time zone,NULL,now()
posts,updated_at,timestamp with time zone,NULL,now()
posts,published_at,timestamp with time zone,NULL,now()
posts,profile_id,uuid,NOT NULL,null
posts,like_count,integer,NOT NULL,0
posts,love_count,integer,NOT NULL,0
posts,wow_count,integer,NOT NULL,0
posts,sad_count,integer,NOT NULL,0
posts,angry_count,integer,NOT NULL,0
posts,job_type,character varying,NULL,null
posts,job_hours_per_week,integer,NULL,null
posts,job_start_date,timestamp with time zone,NULL,null
posts,job_benefits,ARRAY,NULL,null
posts,job_contact_email,character varying,NULL,null
posts,job_contact_phone,character varying,NULL,null
posts,ad_type,character varying,NULL,null
posts,ad_budget,numeric,NULL,null
posts,ad_duration_days,integer,NULL,30
posts,ad_target_audience,ARRAY,NULL,null
posts,ad_cta_text,character varying,NULL,null
posts,ad_cta_url,text,NULL,null
posts,ad_website,character varying,NULL,null
posts,ad_contact_email,character varying,NULL,null
posts,ad_contact_phone,character varying,NULL,null
posts,announcement_category,character varying,NULL,'info'::character varying
posts,announcement_priority,character varying,NULL,'medium'::character varying
posts,announcement_expires_at,timestamp with time zone,NULL,null
posts,announcement_tags,ARRAY,NULL,null
posts,announcement_pinned,boolean,NULL,false
posts,announcement_notify_users,boolean,NULL,false
posts,announcement_target_roles,ARRAY,NULL,null
posts,deleted_at,timestamp with time zone,NULL,null
posts,saves_count,integer,NOT NULL,0
profile_views,id,uuid,NOT NULL,uuid_generate_v4()
profile_views,worker_id,uuid,NULL,null
profile_views,employer_id,uuid,NULL,null
profile_views,viewed_at,timestamp with time zone,NULL,now()
profile_views,ip_address,inet,NULL,null
profile_views,user_agent,text,NULL,null
profile_views,cleaning_company_id,uuid,NULL,null
profile_views,accountant_id,uuid,NULL,null
profiles,id,uuid,NOT NULL,null
profiles,email,text,NOT NULL,null
profiles,full_name,text,NULL,null
profiles,role,text,NULL,null
profiles,created_at,timestamp with time zone,NULL,now()
profiles,phone,text,NULL,null
profiles,avatar_url,text,NULL,null
profiles,updated_at,timestamp with time zone,NULL,now()
progress_reports,id,uuid,NOT NULL,gen_random_uuid()
progress_reports,task_id,uuid,NULL,null
progress_reports,project_id,uuid,NULL,null
progress_reports,reported_by,uuid,NOT NULL,null
progress_reports,progress_percentage,integer,NOT NULL,null
progress_reports,description,text,NOT NULL,null
progress_reports,issues,ARRAY,NULL,null
progress_reports,materials_used,jsonb,NULL,'[]'::jsonb
progress_reports,workers_present,ARRAY,NULL,null
progress_reports,weather_conditions,jsonb,NULL,null
progress_reports,quality_check_passed,boolean,NULL,false
progress_reports,quality_score,integer,NULL,null
progress_reports,photos_before,ARRAY,NULL,null
progress_reports,photos_after,ARRAY,NULL,null
progress_reports,location_data,jsonb,NULL,null
progress_reports,estimated_completion_time,timestamp with time zone,NULL,null
progress_reports,next_steps,text,NULL,null
progress_reports,supervisor_approval,jsonb,NULL,"'{""status"": ""pending"", ""comments"": null, ""approved_at"": null, ""approved_by"": null}'::jsonb"
progress_reports,created_at,timestamp with time zone,NULL,now()
progress_reports,updated_at,timestamp with time zone,NULL,now()
project_activity_log,id,uuid,NOT NULL,gen_random_uuid()
project_activity_log,project_id,uuid,NOT NULL,null
project_activity_log,user_id,uuid,NULL,null
project_activity_log,activity_type,USER-DEFINED,NOT NULL,null
project_activity_log,description,text,NULL,null
project_activity_log,details,jsonb,NULL,null
project_activity_log,ip_address,inet,NULL,null
project_activity_log,user_agent,text,NULL,null
project_activity_log,created_at,timestamp without time zone,NOT NULL,now()
project_activity_log,changes_before,jsonb,NULL,null
project_activity_log,changes_after,jsonb,NULL,null
project_chat_groups,id,uuid,NOT NULL,gen_random_uuid()
project_chat_groups,project_id,uuid,NULL,null
project_chat_groups,name,character varying,NOT NULL,null
project_chat_groups,description,text,NULL,null
project_chat_groups,icon,character varying,NULL,null
project_chat_groups,color,character varying,NULL,'blue'::character varying
project_chat_groups,group_type,character varying,NULL,'project'::character varying
project_chat_groups,members,ARRAY,NULL,'{}'::uuid[]
project_chat_groups,auto_join_roles,ARRAY,NULL,null
project_chat_groups,location_zone,character varying,NULL,null
project_chat_groups,created_by,uuid,NOT NULL,null
project_chat_groups,created_at,timestamp with time zone,NULL,now()
project_chat_groups,updated_at,timestamp with time zone,NULL,now()
project_chat_messages,id,uuid,NOT NULL,gen_random_uuid()
project_chat_messages,project_id,uuid,NOT NULL,null
project_chat_messages,user_id,uuid,NOT NULL,null
project_chat_messages,message,text,NOT NULL,null
project_chat_messages,message_type,text,NULL,'text'::text
project_chat_messages,attachments,jsonb,NULL,'[]'::jsonb
project_chat_messages,mentions,ARRAY,NULL,'{}'::uuid[]
project_chat_messages,reactions,jsonb,NULL,'{}'::jsonb
project_chat_messages,parent_message_id,uuid,NULL,null
project_chat_messages,thread_count,integer,NULL,0
project_chat_messages,is_edited,boolean,NULL,false
project_chat_messages,edited_at,timestamp with time zone,NULL,null
project_chat_messages,is_deleted,boolean,NULL,false
project_chat_messages,deleted_at,timestamp with time zone,NULL,null
project_chat_messages,is_pinned,boolean,NULL,false
project_chat_messages,created_at,timestamp with time zone,NULL,now()
project_chat_messages,updated_at,timestamp with time zone,NULL,now()
project_cleaning_assignments,id,uuid,NOT NULL,gen_random_uuid()
project_cleaning_assignments,project_id,uuid,NOT NULL,null
project_cleaning_assignments,company_id,uuid,NOT NULL,null
project_cleaning_assignments,assigned_by,uuid,NOT NULL,null
project_cleaning_assignments,assigned_at,timestamp with time zone,NULL,now()
project_cleaning_assignments,role,text,NULL,'cleaning_team'::text
project_cleaning_assignments,notes,text,NULL,null
project_cleaning_assignments,status,text,NULL,'active'::text
project_cleaning_assignments,created_at,timestamp with time zone,NULL,now()
project_cleaning_assignments,updated_at,timestamp with time zone,NULL,now()
project_communication_rooms,id,uuid,NOT NULL,gen_random_uuid()
project_communication_rooms,project_id,uuid,NOT NULL,null
project_communication_rooms,name,character varying,NOT NULL,null
project_communication_rooms,description,text,NULL,null
project_communication_rooms,room_type,character varying,NULL,'chat'::character varying
project_communication_rooms,is_public,boolean,NULL,true
project_communication_rooms,is_archived,boolean,NULL,false
project_communication_rooms,max_members,integer,NULL,100
project_communication_rooms,created_by,uuid,NOT NULL,null
project_communication_rooms,created_at,timestamp with time zone,NULL,now()
project_communication_rooms,updated_at,timestamp with time zone,NULL,now()
project_communication_rooms,allowed_members,jsonb,NULL,'[]'::jsonb
project_communication_rooms,banned_members,jsonb,NULL,'[]'::jsonb
project_events,id,uuid,NOT NULL,gen_random_uuid()
project_events,project_id,uuid,NOT NULL,null
project_events,title,character varying,NOT NULL,null
project_events,description,text,NULL,null
project_events,event_type,USER-DEFINED,NOT NULL,'meeting'::event_type
project_events,status,USER-DEFINED,NULL,'planned'::event_status
project_events,start_date,timestamp with time zone,NOT NULL,null
project_events,end_date,timestamp with time zone,NULL,null
project_events,all_day,boolean,NULL,false
project_events,timezone,character varying,NULL,'Europe/Amsterdam'::character varying
project_events,location,text,NULL,null
project_events,location_type,character varying,NULL,'physical'::character varying
project_events,meeting_url,text,NULL,null
project_events,organized_by,uuid,NOT NULL,null
project_events,created_by,uuid,NOT NULL,null
project_events,related_task_id,uuid,NULL,null
project_events,is_recurring,boolean,NULL,false
project_events,recurrence_pattern,jsonb,NULL,null
project_events,recurrence_end_date,timestamp with time zone,NULL,null
project_events,parent_event_id,uuid,NULL,null
project_events,requires_confirmation,boolean,NULL,false
project_events,send_reminders,boolean,NULL,true
project_events,reminder_minutes,ARRAY,NULL,"ARRAY[15, 60, 1440]"
project_events,agenda,text,NULL,null
project_events,meeting_notes,text,NULL,null
project_events,meeting_recording_url,text,NULL,null
project_events,tags,ARRAY,NULL,null
project_events,custom_fields,jsonb,NULL,null
project_events,created_at,timestamp with time zone,NULL,now()
project_events,updated_at,timestamp with time zone,NULL,now()
project_events,completed_at,timestamp with time zone,NULL,null
project_events,deleted_at,timestamp with time zone,NULL,null
project_events,is_all_day,boolean,NULL,false
project_events,recurrence_rule,text,NULL,null
project_events,recurrence_exception_dates,jsonb,NULL,'[]'::jsonb
project_events,location_address,text,NULL,null
project_events,location_geo_lat,numeric,NULL,null
project_events,location_geo_lng,numeric,NULL,null
project_events,is_online,boolean,NULL,false
project_events,reminder_minutes_before,integer,NULL,30
project_events,color_hex,text,NULL,'#3B82F6'::text
project_invitations,id,uuid,NOT NULL,gen_random_uuid()
project_invitations,project_id,uuid,NOT NULL,null
project_invitations,invited_by,uuid,NOT NULL,null
project_invitations,invited_email,character varying,NOT NULL,null
project_invitations,invited_user_id,uuid,NULL,null
project_invitations,invitation_token,character varying,NOT NULL,"encode(gen_random_bytes(32), 'hex'::text)"
project_invitations,granted_permissions,ARRAY,NOT NULL,'{}'::permission_scope[]
project_invitations,role_title,character varying,NULL,'Cz≈Çonek zespo≈Çu'::character varying
project_invitations,personal_message,text,NULL,null
project_invitations,expires_at,timestamp without time zone,NOT NULL,(now() + '7 days'::interval)
project_invitations,status,USER-DEFINED,NOT NULL,'pending'::invitation_status
project_invitations,responded_at,timestamp without time zone,NULL,null
project_invitations,created_at,timestamp without time zone,NOT NULL,now()
project_invitations,updated_at,timestamp without time zone,NOT NULL,now()
project_invites,id,uuid,NOT NULL,uuid_generate_v4()
project_invites,project_id,uuid,NOT NULL,null
project_invites,inviter_id,uuid,NOT NULL,null
project_invites,invitee_email,text,NOT NULL,null
project_invites,invitee_id,uuid,NULL,null
project_invites,role,text,NOT NULL,'member'::text
project_invites,status,USER-DEFINED,NOT NULL,'pending'::invite_status
project_invites,can_invite,boolean,NULL,false
project_invites,can_manage_project,boolean,NULL,false
project_invites,can_view_reports,boolean,NULL,false
project_invites,invite_message,text,NULL,null
project_invites,invite_token,text,NULL,null
project_invites,created_at,timestamp with time zone,NULL,now()
project_invites,expires_at,timestamp with time zone,NULL,(now() + '7 days'::interval)
project_invites,accepted_at,timestamp with time zone,NULL,null
project_invites,rejected_at,timestamp with time zone,NULL,null
project_invites,metadata,jsonb,NULL,'{}'::jsonb
project_kpi_snapshots,id,uuid,NOT NULL,gen_random_uuid()
project_kpi_snapshots,project_id,uuid,NOT NULL,null
project_kpi_snapshots,snapshot_date,date,NOT NULL,null
project_kpi_snapshots,total_tasks,integer,NULL,0
project_kpi_snapshots,completed_tasks,integer,NULL,0
project_kpi_snapshots,in_progress_tasks,integer,NULL,0
project_kpi_snapshots,blocked_tasks,integer,NULL,0
project_kpi_snapshots,overdue_tasks,integer,NULL,0
project_kpi_snapshots,avg_completion_time_hours,numeric,NULL,null
project_kpi_snapshots,team_utilization_percentage,numeric,NULL,null
project_kpi_snapshots,budget_used_percentage,numeric,NULL,null
project_kpi_snapshots,client_satisfaction_score,numeric,NULL,null
project_kpi_snapshots,metadata,jsonb,NULL,'{}'::jsonb
project_kpi_snapshots,created_at,timestamp with time zone,NULL,now()
project_members,id,uuid,NOT NULL,gen_random_uuid()
project_members,project_id,uuid,NOT NULL,null
project_members,user_id,uuid,NOT NULL,null
project_members,profile_id,uuid,NULL,null
project_members,role,character varying,NOT NULL,'member'::character varying
project_members,display_name,character varying,NULL,null
project_members,avatar_url,text,NULL,null
project_members,user_type,character varying,NULL,null
project_members,can_invite,boolean,NULL,false
project_members,can_manage_project,boolean,NULL,false
project_members,can_view_reports,boolean,NULL,false
project_members,joined_at,timestamp with time zone,NULL,now()
project_members,last_active,timestamp with time zone,NULL,now()
project_members,accountant_id,uuid,NULL,null
project_messages,id,uuid,NOT NULL,gen_random_uuid()
project_messages,project_id,uuid,NULL,null
project_messages,sender_id,uuid,NOT NULL,null
project_messages,message,text,NOT NULL,null
project_messages,message_type,character varying,NULL,'message'::character varying
project_messages,task_id,uuid,NULL,null
project_messages,location_data,jsonb,NULL,null
project_messages,attachment_data,jsonb,NULL,null
project_messages,voice_note_data,jsonb,NULL,null
project_messages,reactions,jsonb,NULL,'{}'::jsonb
project_messages,status,character varying,NULL,'sent'::character varying
project_messages,reply_to_id,uuid,NULL,null
project_messages,is_pinned,boolean,NULL,false
project_messages,pinned_by,uuid,NULL,null
project_messages,pinned_at,timestamp with time zone,NULL,null
project_messages,priority,character varying,NULL,'normal'::character varying
project_messages,requires_approval,boolean,NULL,false
project_messages,approved_by,uuid,NULL,null
project_messages,approved_at,timestamp with time zone,NULL,null
project_messages,edited_at,timestamp with time zone,NULL,null
project_messages,thread_messages,ARRAY,NULL,null
project_messages,created_at,timestamp with time zone,NULL,now()
project_messages,updated_at,timestamp with time zone,NULL,now()
project_notifications,id,uuid,NOT NULL,gen_random_uuid()
project_notifications,project_id,uuid,NULL,null
project_notifications,user_id,uuid,NOT NULL,null
project_notifications,notification_type,USER-DEFINED,NOT NULL,null
project_notifications,title,character varying,NOT NULL,null
project_notifications,message,text,NOT NULL,null
project_notifications,action_url,text,NULL,null
project_notifications,data,jsonb,NULL,null
project_notifications,priority,integer,NULL,1
project_notifications,status,USER-DEFINED,NOT NULL,'unread'::notification_status
project_notifications,read_at,timestamp without time zone,NULL,null
project_notifications,created_at,timestamp without time zone,NOT NULL,now()
project_notifications,updated_at,timestamp without time zone,NOT NULL,now()
project_permissions,id,uuid,NOT NULL,gen_random_uuid()
project_permissions,project_id,uuid,NOT NULL,null
project_permissions,user_id,uuid,NOT NULL,null
project_permissions,permissions,ARRAY,NOT NULL,'{}'::permission_scope[]
project_permissions,role_title,character varying,NOT NULL,'Cz≈Çonek zespo≈Çu'::character varying
project_permissions,granted_by,uuid,NOT NULL,null
project_permissions,granted_at,timestamp without time zone,NOT NULL,now()
project_permissions,last_modified_by,uuid,NULL,null
project_permissions,last_modified_at,timestamp without time zone,NULL,null
project_permissions,is_active,boolean,NOT NULL,true
project_permissions,created_at,timestamp without time zone,NOT NULL,now()
project_permissions,updated_at,timestamp without time zone,NOT NULL,now()
project_resources,id,uuid,NOT NULL,gen_random_uuid()
project_resources,project_id,uuid,NULL,null
project_resources,name,text,NOT NULL,null
project_resources,resource_type,text,NOT NULL,null
project_resources,description,text,NULL,null
project_resources,is_available,boolean,NULL,true
project_resources,current_location,text,NULL,null
project_resources,owner_user_id,uuid,NULL,null
project_resources,metadata,jsonb,NULL,'{}'::jsonb
project_resources,created_at,timestamp with time zone,NULL,now()
project_resources,updated_at,timestamp with time zone,NULL,now()
project_tags,id,uuid,NOT NULL,gen_random_uuid()
project_tags,project_id,uuid,NULL,null
project_tags,name,text,NOT NULL,null
project_tags,color_hex,text,NULL,'#6B7280'::text
project_tags,description,text,NULL,null
project_tags,created_at,timestamp with time zone,NULL,now()
project_tasks,id,uuid,NOT NULL,gen_random_uuid()
project_tasks,project_id,uuid,NOT NULL,null
project_tasks,title,character varying,NOT NULL,null
project_tasks,description,text,NULL,null
project_tasks,status,USER-DEFINED,NULL,'not_started'::task_status
project_tasks,priority,USER-DEFINED,NULL,'medium'::task_priority
project_tasks,assigned_to,uuid,NULL,null
project_tasks,created_by,uuid,NOT NULL,null
project_tasks,due_date,timestamp with time zone,NULL,null
project_tasks,estimated_hours,integer,NULL,null
project_tasks,actual_hours,integer,NULL,null
project_tasks,progress_percentage,integer,NULL,0
project_tasks,depends_on,ARRAY,NULL,null
project_tasks,tags,ARRAY,NULL,null
project_tasks,position,integer,NULL,0
project_tasks,created_at,timestamp with time zone,NULL,now()
project_tasks,updated_at,timestamp with time zone,NULL,now()
project_tasks,completed_at,timestamp with time zone,NULL,null
project_tasks,deleted_at,timestamp with time zone,NULL,null
project_tasks,building_address,text,NULL,null
project_tasks,room_floor,text,NULL,null
project_tasks,area_m2,numeric,NULL,null
project_tasks,color_paint,text,NULL,null
project_tasks,client_order_number,text,NULL,null
project_tasks,parent_task_id,uuid,NULL,null
project_tasks,is_subtask,boolean,NULL,false
project_tasks,is_recurring,boolean,NULL,false
project_tasks,recurrence_pattern,text,NULL,null
project_tasks,recurrence_interval,integer,NULL,1
project_tasks,requires_photo_proof,boolean,NULL,false
project_tasks,photo_proof_url,text,NULL,null
project_tasks,geo_lat,numeric,NULL,null
project_tasks,geo_lng,numeric,NULL,null
project_tasks,geo_timestamp,timestamp with time zone,NULL,null
project_tasks,voice_note_url,text,NULL,null
project_tasks,voice_note_transcription,text,NULL,null
project_tasks,client_signature_url,text,NULL,null
project_tasks,sla_hours,integer,NULL,null
project_tasks,risk_level,text,NULL,'low'::text
project_tasks,photos,jsonb,NULL,'[]'::jsonb
project_tasks,materials,jsonb,NULL,'[]'::jsonb
project_tasks,checklist,jsonb,NULL,'[]'::jsonb
project_tasks,calculated_cost,numeric,NULL,0
project_tasks,hourly_rate,numeric,NULL,0
project_tasks,is_template,boolean,NULL,false
project_tasks,template_name,text,NULL,null
project_tasks,template_category,text,NULL,null
project_tasks,before_photos,jsonb,NULL,'[]'::jsonb
project_tasks,after_photos,jsonb,NULL,'[]'::jsonb
project_tasks,client_signed_at,timestamp with time zone,NULL,null
project_templates,id,uuid,NOT NULL,gen_random_uuid()
project_templates,name,text,NOT NULL,null
project_templates,description,text,NULL,null
project_templates,category,text,NULL,null
project_templates,template_config,jsonb,NOT NULL,'{}'::jsonb
project_templates,default_tasks,jsonb,NULL,'[]'::jsonb
project_templates,default_events,jsonb,NULL,'[]'::jsonb
project_templates,default_roles,jsonb,NULL,'[]'::jsonb
project_templates,created_by,uuid,NULL,null
project_templates,is_public,boolean,NULL,false
project_templates,usage_count,integer,NULL,0
project_templates,created_at,timestamp with time zone,NULL,now()
project_templates,updated_at,timestamp with time zone,NULL,now()
project_webhooks,id,uuid,NOT NULL,gen_random_uuid()
project_webhooks,project_id,uuid,NOT NULL,null
project_webhooks,name,text,NOT NULL,null
project_webhooks,webhook_url,text,NOT NULL,null
project_webhooks,secret_key,text,NULL,null
project_webhooks,event_types,ARRAY,NULL,'{}'::text[]
project_webhooks,is_active,boolean,NULL,true
project_webhooks,last_triggered_at,timestamp with time zone,NULL,null
project_webhooks,last_response_status,integer,NULL,null
project_webhooks,failure_count,integer,NULL,0
project_webhooks,created_at,timestamp with time zone,NULL,now()
project_webhooks,updated_at,timestamp with time zone,NULL,now()
projects,id,uuid,NOT NULL,gen_random_uuid()
projects,title,character varying,NOT NULL,null
projects,description,text,NULL,null
projects,project_address,text,NULL,null
projects,owner_id,uuid,NOT NULL,null
projects,status,USER-DEFINED,NOT NULL,'planning'::project_status
projects,start_date,date,NULL,null
projects,end_date,date,NULL,null
projects,deadline,date,NULL,null
projects,budget_total,numeric,NULL,null
projects,budget_used,numeric,NULL,0
projects,client_name,character varying,NULL,null
projects,client_contact,text,NULL,null
projects,project_manager_id,uuid,NULL,null
projects,created_at,timestamp without time zone,NOT NULL,now()
projects,updated_at,timestamp without time zone,NOT NULL,now()
resource_bookings,id,uuid,NOT NULL,gen_random_uuid()
resource_bookings,resource_id,uuid,NOT NULL,null
resource_bookings,event_id,uuid,NULL,null
resource_bookings,booked_by,uuid,NOT NULL,null
resource_bookings,start_time,timestamp with time zone,NOT NULL,null
resource_bookings,end_time,timestamp with time zone,NOT NULL,null
resource_bookings,purpose,text,NULL,null
resource_bookings,status,text,NULL,'confirmed'::text
resource_bookings,created_at,timestamp with time zone,NULL,now()
resource_bookings,updated_at,timestamp with time zone,NULL,now()
reviews,id,uuid,NOT NULL,gen_random_uuid()
reviews,job_id,uuid,NULL,null
reviews,worker_id,uuid,NULL,null
reviews,employer_id,uuid,NULL,null
reviews,reviewer_id,uuid,NOT NULL,null
reviews,reviewee_id,uuid,NOT NULL,null
reviews,rating,integer,NOT NULL,null
reviews,comment,text,NULL,null
reviews,quality_rating,integer,NULL,null
reviews,punctuality_rating,integer,NULL,null
reviews,communication_rating,integer,NULL,null
reviews,safety_rating,integer,NULL,null
reviews,photos,ARRAY,NULL,null
reviews,would_recommend,boolean,NULL,true
reviews,status,text,NULL,'pending'::text
reviews,verified_by_platform,boolean,NULL,false
reviews,reviewed_by_admin,uuid,NULL,null
reviews,created_at,timestamp with time zone,NULL,now()
reviews,updated_at,timestamp with time zone,NULL,now()
reviews,approved_at,timestamp with time zone,NULL,null
reviews,job_title,text,NULL,null
reviews,response,text,NULL,null
reviews,response_date,timestamp with time zone,NULL,null
reviews,cleaning_company_id,uuid,NULL,null
reviews,accountant_id,uuid,NULL,null
safety_alerts,id,uuid,NOT NULL,gen_random_uuid()
safety_alerts,project_id,uuid,NULL,null
safety_alerts,alert_type,character varying,NOT NULL,null
safety_alerts,severity,character varying,NOT NULL,null
safety_alerts,reported_by,uuid,NOT NULL,null
safety_alerts,location_data,jsonb,NOT NULL,null
safety_alerts,description,text,NOT NULL,null
safety_alerts,photos,ARRAY,NULL,null
safety_alerts,immediate_action,text,NULL,null
safety_alerts,status,character varying,NULL,'reported'::character varying
safety_alerts,assigned_to,ARRAY,NULL,null
safety_alerts,resolved_at,timestamp with time zone,NULL,null
safety_alerts,resolution_notes,text,NULL,null
safety_alerts,follow_up_required,boolean,NULL,false
safety_alerts,incident_number,character varying,NULL,null
safety_alerts,witnesses_present,ARRAY,NULL,null
safety_alerts,equipment_involved,ARRAY,NULL,null
safety_alerts,injuries_reported,boolean,NULL,false
safety_alerts,emergency_services_contacted,boolean,NULL,false
safety_alerts,preventive_measures,ARRAY,NULL,null
safety_alerts,created_at,timestamp with time zone,NULL,now()
safety_alerts,updated_at,timestamp with time zone,NULL,now()
saved_workers,id,uuid,NOT NULL,uuid_generate_v4()
saved_workers,employer_id,uuid,NOT NULL,null
saved_workers,worker_id,uuid,NOT NULL,null
saved_workers,notes,text,NULL,null
saved_workers,tags,ARRAY,NULL,null
saved_workers,created_at,timestamp with time zone,NULL,now()
saved_workers,updated_at,timestamp with time zone,NULL,now()
saved_workers,saved_at,timestamp with time zone,NULL,now()
search_history,id,uuid,NOT NULL,uuid_generate_v4()
search_history,employer_id,uuid,NOT NULL,null
search_history,category,text,NULL,null
search_history,level,text,NULL,null
search_history,location,text,NULL,null
search_history,postal_code,text,NULL,null
search_history,radius_km,integer,NULL,null
search_history,results_count,integer,NULL,0
search_history,search_date,timestamp with time zone,NULL,now()
search_history,filters,jsonb,NULL,null
search_history,created_at,timestamp with time zone,NULL,now()
search_history,updated_at,timestamp with time zone,NULL,now()
subscriptions,id,uuid,NOT NULL,uuid_generate_v4()
subscriptions,employer_id,uuid,NOT NULL,null
subscriptions,plan,text,NOT NULL,null
subscriptions,status,text,NOT NULL,null
subscriptions,start_date,timestamp with time zone,NOT NULL,now()
subscriptions,end_date,timestamp with time zone,NULL,null
subscriptions,payment_id,text,NULL,null
subscriptions,stripe_subscription_id,text,NULL,null
subscriptions,amount,numeric,NULL,null
subscriptions,currency,text,NULL,'EUR'::text
subscriptions,auto_renew,boolean,NULL,true
subscriptions,created_at,timestamp with time zone,NULL,now()
subscriptions,updated_at,timestamp with time zone,NULL,now()
support_messages,id,uuid,NOT NULL,uuid_generate_v4()
support_messages,ticket_id,uuid,NOT NULL,null
support_messages,sender_id,uuid,NOT NULL,null
support_messages,sender_role,text,NOT NULL,null
support_messages,sender_name,text,NOT NULL,null
support_messages,message,text,NOT NULL,null
support_messages,attachments,jsonb,NULL,'[]'::jsonb
support_messages,is_internal,boolean,NULL,false
support_messages,read_at,timestamp with time zone,NULL,null
support_messages,created_at,timestamp with time zone,NULL,now()
support_tickets,id,uuid,NOT NULL,uuid_generate_v4()
support_tickets,user_id,uuid,NOT NULL,null
support_tickets,user_role,text,NOT NULL,null
support_tickets,user_email,text,NOT NULL,null
support_tickets,user_name,text,NOT NULL,null
support_tickets,subject,text,NOT NULL,null
support_tickets,description,text,NOT NULL,null
support_tickets,category,text,NOT NULL,null
support_tickets,priority,text,NOT NULL,'medium'::text
support_tickets,status,text,NOT NULL,'new'::text
support_tickets,assigned_to,uuid,NULL,null
support_tickets,assigned_at,timestamp with time zone,NULL,null
support_tickets,first_response_at,timestamp with time zone,NULL,null
support_tickets,resolved_at,timestamp with time zone,NULL,null
support_tickets,closed_at,timestamp with time zone,NULL,null
support_tickets,rating,integer,NULL,null
support_tickets,rating_comment,text,NULL,null
support_tickets,tags,ARRAY,NULL,'{}'::text[]
support_tickets,attachments,jsonb,NULL,'[]'::jsonb
support_tickets,internal_notes,text,NULL,null
support_tickets,created_at,timestamp with time zone,NULL,now()
support_tickets,updated_at,timestamp with time zone,NULL,now()
task_attachments,id,uuid,NOT NULL,gen_random_uuid()
task_attachments,task_id,uuid,NOT NULL,null
task_attachments,uploaded_by,uuid,NOT NULL,null
task_attachments,file_name,character varying,NOT NULL,null
task_attachments,file_size,bigint,NOT NULL,null
task_attachments,file_type,character varying,NULL,null
task_attachments,storage_path,text,NOT NULL,null
task_attachments,description,text,NULL,null
task_attachments,created_at,timestamp with time zone,NULL,now()
task_attachments,deleted_at,timestamp with time zone,NULL,null
task_checklists,id,uuid,NOT NULL,gen_random_uuid()
task_checklists,task_id,uuid,NOT NULL,null
task_checklists,item_text,text,NOT NULL,null
task_checklists,is_completed,boolean,NULL,false
task_checklists,completed_at,timestamp with time zone,NULL,null
task_checklists,completed_by,uuid,NULL,null
task_checklists,sort_order,integer,NULL,0
task_checklists,requires_proof,boolean,NULL,false
task_checklists,proof_url,text,NULL,null
task_checklists,created_at,timestamp with time zone,NULL,now()
task_checklists,updated_at,timestamp with time zone,NULL,now()
task_comments,id,uuid,NOT NULL,gen_random_uuid()
task_comments,task_id,uuid,NOT NULL,null
task_comments,author_id,uuid,NOT NULL,null
task_comments,content,text,NOT NULL,null
task_comments,parent_comment_id,uuid,NULL,null
task_comments,created_at,timestamp with time zone,NULL,now()
task_comments,updated_at,timestamp with time zone,NULL,now()
task_comments,deleted_at,timestamp with time zone,NULL,null
task_dependencies,id,uuid,NOT NULL,gen_random_uuid()
task_dependencies,task_id,uuid,NOT NULL,null
task_dependencies,depends_on_task_id,uuid,NOT NULL,null
task_dependencies,dependency_type,text,NULL,'finish_to_start'::text
task_dependencies,created_at,timestamp with time zone,NULL,now()
task_tags,id,uuid,NOT NULL,gen_random_uuid()
task_tags,task_id,uuid,NOT NULL,null
task_tags,tag_id,uuid,NOT NULL,null
task_tags,created_at,timestamp with time zone,NULL,now()
task_templates,id,uuid,NULL,null
task_templates,project_id,uuid,NULL,null
task_templates,title,character varying,NULL,null
task_templates,description,text,NULL,null
task_templates,status,USER-DEFINED,NULL,null
task_templates,priority,USER-DEFINED,NULL,null
task_templates,assigned_to,uuid,NULL,null
task_templates,created_by,uuid,NULL,null
task_templates,due_date,timestamp with time zone,NULL,null
task_templates,estimated_hours,integer,NULL,null
task_templates,actual_hours,integer,NULL,null
task_templates,progress_percentage,integer,NULL,null
task_templates,depends_on,ARRAY,NULL,null
task_templates,tags,ARRAY,NULL,null
task_templates,position,integer,NULL,null
task_templates,created_at,timestamp with time zone,NULL,null
task_templates,updated_at,timestamp with time zone,NULL,null
task_templates,completed_at,timestamp with time zone,NULL,null
task_templates,deleted_at,timestamp with time zone,NULL,null
task_templates,building_address,text,NULL,null
task_templates,room_floor,text,NULL,null
task_templates,area_m2,numeric,NULL,null
task_templates,color_paint,text,NULL,null
task_templates,client_order_number,text,NULL,null
task_templates,parent_task_id,uuid,NULL,null
task_templates,is_subtask,boolean,NULL,null
task_templates,is_recurring,boolean,NULL,null
task_templates,recurrence_pattern,text,NULL,null
task_templates,recurrence_interval,integer,NULL,null
task_templates,requires_photo_proof,boolean,NULL,null
task_templates,photo_proof_url,text,NULL,null
task_templates,geo_lat,numeric,NULL,null
task_templates,geo_lng,numeric,NULL,null
task_templates,geo_timestamp,timestamp with time zone,NULL,null
task_templates,voice_note_url,text,NULL,null
task_templates,voice_note_transcription,text,NULL,null
task_templates,client_signature_url,text,NULL,null
task_templates,sla_hours,integer,NULL,null
task_templates,risk_level,text,NULL,null
task_templates,photos,jsonb,NULL,null
task_templates,materials,jsonb,NULL,null
task_templates,checklist,jsonb,NULL,null
task_templates,calculated_cost,numeric,NULL,null
task_templates,hourly_rate,numeric,NULL,null
task_templates,is_template,boolean,NULL,null
task_templates,template_name,text,NULL,null
task_templates,template_category,text,NULL,null
task_templates,before_photos,jsonb,NULL,null
task_templates,after_photos,jsonb,NULL,null
task_templates,client_signed_at,timestamp with time zone,NULL,null
team_availability,id,uuid,NOT NULL,gen_random_uuid()
team_availability,user_id,uuid,NOT NULL,null
team_availability,project_id,uuid,NULL,null
team_availability,day_of_week,integer,NOT NULL,null
team_availability,start_time,time without time zone,NOT NULL,null
team_availability,end_time,time without time zone,NOT NULL,null
team_availability,is_available,boolean,NULL,true
team_availability,notes,text,NULL,null
team_availability,created_at,timestamp with time zone,NULL,now()
team_availability,updated_at,timestamp with time zone,NULL,now()
test_appointments,id,uuid,NOT NULL,gen_random_uuid()
test_appointments,worker_id,uuid,NULL,null
test_appointments,test_date,timestamp with time zone,NOT NULL,null
test_appointments,duration_minutes,integer,NULL,60
test_appointments,status,text,NOT NULL,'pending'::text
test_appointments,test_type,text,NULL,'zzp_exam'::text
test_appointments,location,text,NULL,null
test_appointments,examiner_name,text,NULL,null
test_appointments,result,text,NULL,null
test_appointments,score,numeric,NULL,null
test_appointments,passed,boolean,NULL,null
test_appointments,notes,text,NULL,null
test_appointments,scheduled_by,uuid,NULL,null
test_appointments,completed_at,timestamp with time zone,NULL,null
test_appointments,cancelled_at,timestamp with time zone,NULL,null
test_appointments,cancellation_reason,text,NULL,null
test_appointments,created_at,timestamp with time zone,NULL,now()
test_appointments,updated_at,timestamp with time zone,NULL,now()
test_appointments,client_id,uuid,NULL,null
test_appointments,service_type,text,NULL,null
test_appointments,priority,text,NULL,'normal'::text
test_appointments,video_call_provider,text,NULL,null
test_appointments,video_call_meeting_id,text,NULL,null
test_appointments,video_call_join_url,text,NULL,null
test_appointments,video_call_password,text,NULL,null
test_appointments,reminder_sms,boolean,NULL,false
test_appointments,reminder_email,boolean,NULL,false
test_appointments,appointment_type,text,NULL,'test'::text
test_appointments,capacity,integer,NULL,10
unavailable_dates,id,uuid,NOT NULL,gen_random_uuid()
unavailable_dates,profile_id,uuid,NOT NULL,null
unavailable_dates,date,date,NOT NULL,null
unavailable_dates,reason,text,NULL,null
unavailable_dates,created_at,timestamp with time zone,NOT NULL,now()
v_employers,id,uuid,NULL,null
v_employers,profile_id,uuid,NULL,null
v_employers,company_name,text,NULL,null
v_employers,kvk_number,text,NULL,null
v_employers,created_at,timestamp with time zone,NULL,null
v_profiles,id,uuid,NULL,null
v_profiles,email,text,NULL,null
v_profiles,full_name,text,NULL,null
v_profiles,role,text,NULL,null
v_profiles,created_at,timestamp with time zone,NULL,null
v_workers,id,uuid,NULL,null
v_workers,profile_id,uuid,NULL,null
v_workers,specialization,text,NULL,null
v_workers,experience_years,integer,NULL,null
v_workers,verified,boolean,NULL,null
v_workers,created_at,timestamp with time zone,NULL,null
v_workers,subscription_tier,text,NULL,null
v_workers,subscription_status,text,NULL,null
v_workers,subscription_start_date,timestamp with time zone,NULL,null
v_workers,subscription_end_date,timestamp with time zone,NULL,null
v_workers,last_payment_date,timestamp with time zone,NULL,null
v_workers,monthly_fee,numeric,NULL,null
v_workers,stripe_customer_id,text,NULL,null
v_workers,stripe_subscription_id,text,NULL,null
v_workers,zzp_certificate_issued,boolean,NULL,null
v_workers,zzp_certificate_date,timestamp with time zone,NULL,null
v_workers,zzp_certificate_number,text,NULL,null
v_workers,zzp_certificate_expires_at,timestamp with time zone,NULL,null
v_workers,certifications,ARRAY,NULL,null
v_workers,avatar_url,text,NULL,null
v_workers,phone,text,NULL,null
v_workers,location_city,text,NULL,null
v_workers,location_postal_code,text,NULL,null
v_workers,location_country,text,NULL,null
v_workers,hourly_rate,numeric,NULL,null
v_workers,hourly_rate_max,numeric,NULL,null
v_workers,radius_km,integer,NULL,null
v_workers,available_from,date,NULL,null
v_workers,rating,numeric,NULL,null
v_workers,rating_count,integer,NULL,null
v_workers,bio,text,NULL,null
v_workers,languages,ARRAY,NULL,null
v_workers,kvk_number,text,NULL,null
v_workers,btw_number,text,NULL,null
v_workers,profile_visibility,text,NULL,null
v_workers,show_email,boolean,NULL,null
v_workers,show_phone,boolean,NULL,null
v_workers,show_location,boolean,NULL,null
v_workers,email_notifications,boolean,NULL,null
v_workers,sms_notifications,boolean,NULL,null
v_workers,push_notifications,boolean,NULL,null
v_workers,own_tools,ARRAY,NULL,null
v_workers,own_vehicle,boolean,NULL,null
v_workers,vehicle_type,text,NULL,null
v_workers,response_time,text,NULL,null
v_workers,total_jobs_completed,integer,NULL,null
v_workers,profile_views,integer,NULL,null
v_workers,last_active,timestamp with time zone,NULL,null
v_workers,updated_at,timestamp with time zone,NULL,null
v_workers,skills,ARRAY,NULL,null
v_workers,years_experience,integer,NULL,null
v_workers,worker_type,text,NULL,null
v_workers,team_size,integer,NULL,null
v_workers,team_description,text,NULL,null
v_workers,team_hourly_rate,numeric,NULL,null
v_workers,is_on_demand_available,boolean,NULL,null
v_workers,is_available_now,boolean,NULL,null
v_workers,address,text,NULL,null
v_workers,postal_code,character varying,NULL,null
v_workers,latitude,numeric,NULL,null
v_workers,longitude,numeric,NULL,null
v_workers,user_id,uuid,NULL,null
v_workers,available,boolean,NULL,null
v_workers,total_earnings,numeric,NULL,null
v_workers,completed_jobs,integer,NULL,null
v_workers,response_rate,integer,NULL,null
v_workers,availability,jsonb,NULL,null
v_workers,preferred_days_per_week,integer,NULL,null
v_workers,unavailable_dates,jsonb,NULL,null
v_workers,portfolio_images,jsonb,NULL,null
v_workers,is_available,boolean,NULL,null
v_workers,rate_negotiable,boolean,NULL,null
v_workers,service_radius_km,integer,NULL,null
v_workers,cover_image_url,text,NULL,null
v_workers,approved_categories,ARRAY,NULL,null
v_workers,certificate_status,text,NULL,null
v_workers,certificate_issued_at,timestamp with time zone,NULL,null
v_workers,email,text,NULL,null
v_workers,full_name,text,NULL,null
v_workers,role,text,NULL,null
worker_availability,id,uuid,NOT NULL,gen_random_uuid()
worker_availability,worker_id,uuid,NOT NULL,null
worker_availability,date,date,NOT NULL,null
worker_availability,start_time,time without time zone,NULL,null
worker_availability,end_time,time without time zone,NULL,null
worker_availability,is_booked,boolean,NULL,false
worker_availability,booking_job_id,uuid,NULL,null
worker_availability,created_at,timestamp with time zone,NULL,now()
worker_availability,day_of_week,integer,NULL,null
worker_availability,available,boolean,NULL,true
worker_portfolio,id,uuid,NOT NULL,gen_random_uuid()
worker_portfolio,worker_id,uuid,NOT NULL,null
worker_portfolio,title,text,NOT NULL,null
worker_portfolio,description,text,NULL,null
worker_portfolio,project_url,text,NULL,null
worker_portfolio,images,ARRAY,NULL,null
worker_portfolio,video_url,text,NULL,null
worker_portfolio,tags,ARRAY,NULL,null
worker_portfolio,category,text,NULL,null
worker_portfolio,start_date,date,NULL,null
worker_portfolio,end_date,date,NULL,null
worker_portfolio,duration_days,integer,NULL,null
worker_portfolio,client_name,text,NULL,null
worker_portfolio,client_company,text,NULL,null
worker_portfolio,is_featured,boolean,NULL,false
worker_portfolio,is_public,boolean,NULL,true
worker_portfolio,created_at,timestamp with time zone,NULL,now()
worker_portfolio,updated_at,timestamp with time zone,NULL,now()
worker_skills,id,uuid,NOT NULL,gen_random_uuid()
worker_skills,worker_id,uuid,NOT NULL,null
worker_skills,skill_name,text,NOT NULL,null
worker_skills,proficiency,integer,NULL,null
worker_skills,years_experience,integer,NULL,null
worker_skills,verified,boolean,NULL,false
worker_skills,verified_by,uuid,NULL,null
worker_skills,verified_at,timestamp with time zone,NULL,null
worker_skills,created_at,timestamp with time zone,NULL,now()
worker_skills,updated_at,timestamp with time zone,NULL,now()
worker_skills,proficiency_level,text,NULL,null
workers,id,uuid,NOT NULL,gen_random_uuid()
workers,profile_id,uuid,NOT NULL,null
workers,specialization,text,NULL,null
workers,experience_years,integer,NULL,null
workers,verified,boolean,NULL,false
workers,created_at,timestamp with time zone,NULL,now()
workers,subscription_tier,text,NULL,'basic'::text
workers,subscription_status,text,NULL,'active'::text
workers,subscription_start_date,timestamp with time zone,NULL,now()
workers,subscription_end_date,timestamp with time zone,NULL,null
workers,last_payment_date,timestamp with time zone,NULL,null
workers,monthly_fee,numeric,NULL,13.00
workers,stripe_customer_id,text,NULL,null
workers,stripe_subscription_id,text,NULL,null
workers,zzp_certificate_issued,boolean,NULL,false
workers,zzp_certificate_date,timestamp with time zone,NULL,null
workers,zzp_certificate_number,text,NULL,null
workers,zzp_certificate_expires_at,timestamp with time zone,NULL,null
workers,certifications,ARRAY,NULL,'{}'::text[]
workers,avatar_url,text,NULL,null
workers,phone,text,NULL,null
workers,location_city,text,NULL,null
workers,location_postal_code,text,NULL,null
workers,location_country,text,NULL,'NL'::text
workers,hourly_rate,numeric,NULL,0
workers,hourly_rate_max,numeric,NULL,null
workers,radius_km,integer,NULL,50
workers,available_from,date,NULL,null
workers,rating,numeric,NULL,0
workers,rating_count,integer,NULL,0
workers,bio,text,NULL,null
workers,languages,ARRAY,NULL,'{nl}'::text[]
workers,kvk_number,text,NULL,null
workers,btw_number,text,NULL,null
workers,profile_visibility,text,NULL,'public'::text
workers,show_email,boolean,NULL,false
workers,show_phone,boolean,NULL,false
workers,show_location,boolean,NULL,true
workers,email_notifications,boolean,NULL,true
workers,sms_notifications,boolean,NULL,false
workers,push_notifications,boolean,NULL,true
workers,own_tools,ARRAY,NULL,'{}'::text[]
workers,own_vehicle,boolean,NULL,false
workers,vehicle_type,text,NULL,null
workers,response_time,text,NULL,null
workers,total_jobs_completed,integer,NULL,0
workers,profile_views,integer,NULL,0
workers,last_active,timestamp with time zone,NULL,now()
workers,updated_at,timestamp with time zone,NULL,now()
workers,skills,ARRAY,NULL,'{}'::text[]
workers,years_experience,integer,NULL,0
workers,worker_type,text,NULL,'individual'::text
workers,team_size,integer,NULL,1
workers,team_description,text,NULL,null
workers,team_hourly_rate,numeric,NULL,null
workers,is_on_demand_available,boolean,NULL,false
workers,is_available_now,boolean,NULL,false
workers,address,text,NULL,null
workers,postal_code,character varying,NULL,null
workers,latitude,numeric,NULL,null
workers,longitude,numeric,NULL,null
workers,user_id,uuid,NULL,null
workers,available,boolean,NULL,true
workers,total_earnings,numeric,NULL,0
workers,completed_jobs,integer,NULL,0
workers,response_rate,integer,NULL,100
workers,availability,jsonb,NULL,"'{""friday"": true, ""monday"": true, ""sunday"": false, ""tuesday"": true, ""saturday"": false, ""thursday"": true, ""wednesday"": true}'::jsonb"
workers,preferred_days_per_week,integer,NULL,5
workers,unavailable_dates,jsonb,NULL,'[]'::jsonb
workers,portfolio_images,jsonb,NULL,'[]'::jsonb
workers,is_available,boolean,NULL,true
workers,rate_negotiable,boolean,NULL,false
workers,service_radius_km,integer,NULL,50
workers,cover_image_url,text,NULL,null
workers,approved_categories,ARRAY,NULL,'{}'::text[]
workers,certificate_status,text,NULL,'inactive'::text
workers,certificate_issued_at,timestamp with time zone,NULL,null
zzp_exam_applications,id,uuid,NOT NULL,gen_random_uuid()
zzp_exam_applications,worker_id,uuid,NOT NULL,null
zzp_exam_applications,full_name,text,NOT NULL,null
zzp_exam_applications,email,text,NOT NULL,null
zzp_exam_applications,phone,text,NULL,null
zzp_exam_applications,specializations,ARRAY,NOT NULL,'{}'::text[]
zzp_exam_applications,status,text,NOT NULL,'pending'::text
zzp_exam_applications,documents,jsonb,NULL,'[]'::jsonb
zzp_exam_applications,test_score,integer,NULL,null
zzp_exam_applications,test_date,timestamp with time zone,NULL,null
zzp_exam_applications,approved_by,uuid,NULL,null
zzp_exam_applications,approved_at,timestamp with time zone,NULL,null
zzp_exam_applications,certificate_number,text,NULL,null
zzp_exam_applications,rejection_reason,text,NULL,null
zzp_exam_applications,admin_notes,text,NULL,null
zzp_exam_applications,created_at,timestamp with time zone,NULL,now()
zzp_exam_applications,updated_at,timestamp with time zone,NULL,now()